{
    "blocked_ips": [
        "10.117.67.247",
        "192.168.1.100",
        "2600:1406:5e00:6::17ce:bc12",
        "1.1.1.1",
        "8.8.8.8",
        "8.8.4.4",
        "93.184.216.34",
        "123.45.67.89",
        "11:32:20",
        "10.119.67.103",
        "11:33:24"
    ],
    "allowed_ips": [],
    "blocked_ports": [
        80,
        443,
        53,
        8080,
        21
    ],
    "allowed_ports": [
        22,
        443
    ],
    "blocked_protocols": [],
    "enable_system_block": false,
    "scan_detection": {
        "enabled": true,
        "threshold": 20,
        "window_seconds": 10
    }
}